-- phpMyAdmin SQL Dump
-- version 4.9.1
-- https://www.phpmyadmin.net/
--
-- Host: localhost
-- Generation Time: Jun 08, 2022 at 01:37 PM
-- Server version: 8.0.17
-- PHP Version: 7.3.10

SET SQL_MODE = "NO_AUTO_VALUE_ON_ZERO";
SET AUTOCOMMIT = 0;
START TRANSACTION;
SET time_zone = "+00:00";


/*!40101 SET @OLD_CHARACTER_SET_CLIENT=@@CHARACTER_SET_CLIENT */;
/*!40101 SET @OLD_CHARACTER_SET_RESULTS=@@CHARACTER_SET_RESULTS */;
/*!40101 SET @OLD_COLLATION_CONNECTION=@@COLLATION_CONNECTION */;
/*!40101 SET NAMES utf8mb4 */;

--
-- Database: `alumni_db`
--

-- --------------------------------------------------------

--
-- Table structure for table `tbl_brance`
--

CREATE TABLE `tbl_brance` (
  `brID` mediumint(5) NOT NULL COMMENT 'รหัสสาขา',
  `faID` mediumint(5) NOT NULL COMMENT 'รหัสคณะ',
  `brName` varchar(50) CHARACTER SET utf8mb4 COLLATE utf8mb4_unicode_ci NOT NULL COMMENT 'ชื่อสาขา'
) ENGINE=InnoDB DEFAULT CHARSET=utf8mb4 COLLATE=utf8mb4_unicode_ci;

--
-- Dumping data for table `tbl_brance`
--

INSERT INTO `tbl_brance` (`brID`, `faID`, `brName`) VALUES
(10001, 10001, 'สาขาวิชาเคมี'),
(10002, 10001, 'สาขาวิชาชีววิทยา'),
(10003, 10001, 'สาขาวิชาคณิตศาสตร์'),
(10004, 10001, 'สาขาวิชาการจัดการภัยพิบัติ'),
(10005, 10001, 'สาขาวิชาวิทยาศาสตร์และเทคโนโลยีสิ่งแวดล้อม'),
(10006, 10001, 'สาขาวิชาพืชศาสตร์'),
(10007, 10001, 'สาขาวิชาสัตวศาสตร์'),
(10008, 10001, 'สาขาวิชานวัตกรรมอาหารและโภชนาการ'),
(10009, 10001, 'สาขาวิชาเทคโนโลยีไฟฟ้าอุตสาหกรรม'),
(10010, 10001, 'สาขาวิชาเทคโนโลยีอุตสาหกรรม'),
(10011, 10001, 'สาขาวิชาเทคโนโลยีสารสนเทศ'),
(10012, 10001, 'สาขาวิชาวิทยาการคอมพิวเตอร์'),
(10013, 10001, 'สาขาวิชาสาธารณสุขศาสตร์'),
(10014, 10001, 'สาขาวิชาอนามัยสิ่งแวดล้อม'),
(10015, 10001, 'สาขาวิชาเทคโนโลยีการประมง'),
(10017, 10002, 'หลักสูตรนิติศาสตร์บัณฑิต'),
(10018, 10003, 'หลักสูตรพยาบาลศาสตร์'),
(10019, 10004, 'สาขาวิชาการบริหารธุรกิจ'),
(10020, 10004, 'สาขาวิชาการเงินและการลงทุน'),
(10021, 10004, 'สาขาวิชาการจัดการโลจิสติกส์'),
(10022, 10004, 'สาขาวิชาระบบสารสนเทศทางธุรกิจ'),
(10023, 10004, 'สาขาวิชาการจัดการธุรกิจค้าปลีก'),
(10024, 10004, 'สาขาวิชาธุรกิจเกษตร'),
(10025, 10004, 'สาขาวิชาธุรกิจอาหาร'),
(10026, 10004, 'สาขาวิชาการบัญชี'),
(10027, 10004, 'สาขาวิชาเศรษฐกิจดิจิทัล'),
(10028, 10004, 'สาขาวิชานิเทศศาสตร์'),
(10029, 10004, 'สาขาวิชาการจัดการธุรกิจสุขภาพและความงาม'),
(10030, 10005, 'สาขาวิชาการศึกษาปฐมวัย'),
(10031, 10005, 'สาขาวิชาภาษาไทย'),
(10032, 10005, 'สาขาวิชาศิลปศึกษา'),
(10033, 10005, 'สาขาวิชาคณิตศาสตร์'),
(10034, 10005, 'สาขาวิชาวิทยาศาสตร์ทั่วไป'),
(10035, 10005, 'สาขาวิชาเคมี'),
(10036, 10005, 'สาขาวิชาฟิสิกส์'),
(10037, 10005, 'สาขาวิชาสังคมศึกษา'),
(10038, 10005, 'สาขาวิชาภาษาอังกฤษ'),
(10039, 10005, 'สาขาวิชาคอมพิวเตอร์'),
(10040, 10005, 'สาขาประถมศึกษาจิตวิทยาและการแนะแนว'),
(10041, 10006, 'สาขาวิชารัฐศาสตร์'),
(10042, 10006, 'สาขาวิชารัฐประศาสนศาสตร์'),
(10043, 10006, 'สาขาวิชาสารสนเทศศาสตร์และบรรณารักษศาสตร์'),
(10044, 10006, 'สาขาวิชาดนตรีสากล'),
(10045, 10006, 'สาขาวิชาจิตรกรรม'),
(10046, 10006, 'สาขาวิชาการจัดการทางวัฒนธรรม'),
(10047, 10006, 'สาขาวิชาการพัฒนาชุมชน'),
(10048, 10006, 'สาขาวิชาภาษาไทย'),
(10049, 10006, 'สาขาวิชาภาษาอังกฤษ'),
(10050, 10006, 'สาขาวิชาภาษาจีน'),
(10051, 10006, 'สาขาวิชานวัตกรรมสังคมเพื่อการพัฒนาที่ยั่งยืน'),
(10052, 10006, 'สาขาวิชาภาษาอังกฤษเพื่ออาชีพ'),
(10059, 10007, 'สาขาวิชาการจัดการโรงแรม'),
(10060, 10007, 'สาขาวิชาการจัดการอุตสาหกรรมบริการ');

-- --------------------------------------------------------

--
-- Table structure for table `tbl_educational`
--

CREATE TABLE `tbl_educational` (
  `eduID` mediumint(10) NOT NULL COMMENT 'รหัสบันทึกการศึกษา',
  `uID` mediumint(10) NOT NULL COMMENT 'รหัสผู้ใช้',
  `eduStart` int(4) NOT NULL COMMENT 'ปีที่เข้ารับการศึกษา',
  `eduEnd` int(4) NOT NULL COMMENT 'ปีที่จบการศึกษา',
  `eduLevel` enum('อนุปริญญา','ปริญญาตรี','ปริญญาโท','ปริญญาเอก') CHARACTER SET utf8mb4 COLLATE utf8mb4_unicode_ci NOT NULL DEFAULT 'ปริญญาตรี' COMMENT 'ระดับการศึกษา',
  `eduStuID` varchar(13) CHARACTER SET utf8mb4 COLLATE utf8mb4_unicode_ci NOT NULL COMMENT 'รหัสนักศึกษา',
  `brID` mediumint(5) NOT NULL COMMENT 'รหัสสาขา',
  `eduUpdate` datetime NOT NULL COMMENT 'เวลาบันทึกข้อมูล'
) ENGINE=InnoDB DEFAULT CHARSET=utf8mb4 COLLATE=utf8mb4_unicode_ci;

--
-- Dumping data for table `tbl_educational`
--

INSERT INTO `tbl_educational` (`eduID`, `uID`, `eduStart`, `eduEnd`, `eduLevel`, `eduStuID`, `brID`, `eduUpdate`) VALUES
(5, 10019, 2558, 2562, 'ปริญญาตรี', '5804305001001', 10012, '2022-06-08 19:50:08'),
(6, 10020, 2558, 2562, 'ปริญญาตรี', '5804305001002', 10012, '2022-06-08 19:51:25'),
(7, 10021, 2558, 2562, 'ปริญญาตรี', '5804305001003', 10012, '2022-06-08 19:52:08'),
(8, 10022, 2558, 2562, 'ปริญญาตรี', '5804305001004', 10012, '2022-06-08 19:52:40'),
(9, 10023, 2558, 2562, 'ปริญญาตรี', '5804305001005', 10012, '2022-06-08 19:53:20'),
(10, 10024, 2558, 2562, 'ปริญญาตรี', '5804305001006', 10012, '2022-06-08 19:54:21'),
(11, 10025, 2558, 2562, 'ปริญญาตรี', '5804305001007', 10012, '2022-06-08 19:55:04'),
(12, 10026, 2558, 2562, 'ปริญญาตรี', '5804305001008', 10012, '2022-06-08 19:55:28'),
(13, 10027, 2558, 2562, 'ปริญญาตรี', '5804305001009', 10012, '2022-06-08 19:56:07'),
(14, 10028, 2558, 2562, 'ปริญญาตรี', '5804305001010', 10012, '2022-06-08 19:57:01'),
(15, 10029, 2558, 2562, 'ปริญญาตรี', '5804305001011', 10012, '2022-06-08 19:57:35'),
(16, 10030, 2558, 2562, 'ปริญญาตรี', '5804305001012', 10012, '2022-06-08 19:58:24'),
(17, 10031, 2558, 2562, 'ปริญญาตรี', '5804305001013', 10012, '2022-06-08 20:00:24'),
(18, 10032, 2558, 2562, 'ปริญญาตรี', '5804305001014', 10012, '2022-06-08 20:00:52'),
(19, 10033, 2558, 2562, 'ปริญญาตรี', '5804305001015', 10012, '2022-06-08 20:01:54'),
(20, 10034, 2558, 2562, 'ปริญญาตรี', '5804305001016', 10012, '2022-06-08 20:02:18'),
(21, 10035, 2558, 2562, 'ปริญญาตรี', '5804305001017', 10012, '2022-06-08 20:02:57'),
(22, 10036, 2558, 2562, 'ปริญญาตรี', '5804305001018', 10012, '2022-06-08 20:03:41'),
(23, 10037, 2558, 2562, 'ปริญญาตรี', '5804305001019', 10012, '2022-06-08 20:04:08'),
(24, 10038, 2558, 2562, 'ปริญญาตรี', '5804305001020', 10012, '2022-06-08 20:10:50'),
(25, 10039, 2558, 2562, 'ปริญญาตรี', '5804305001021', 10012, '2022-06-08 20:11:30'),
(26, 10040, 2559, 2563, 'ปริญญาตรี', '5904305001001', 10012, '2022-06-08 20:13:59'),
(27, 10041, 2559, 2563, 'ปริญญาตรี', '5904305001002', 10012, '2022-06-08 20:14:28'),
(28, 10042, 2559, 2563, 'ปริญญาตรี', '5904305001003', 10012, '2022-06-08 20:15:16'),
(29, 10043, 2559, 2563, 'ปริญญาตรี', '5904305001004', 10012, '2022-06-08 20:16:11'),
(30, 10044, 2559, 2563, 'ปริญญาตรี', '5904305001005', 10012, '2022-06-08 20:16:30'),
(31, 10045, 2559, 2563, 'ปริญญาตรี', '5904305001006', 10012, '2022-06-08 20:16:51'),
(32, 10046, 2559, 2563, 'ปริญญาตรี', '5904305001007', 10012, '2022-06-08 20:17:02'),
(33, 10047, 2559, 2563, 'ปริญญาตรี', '5904305001008', 10012, '2022-06-08 20:17:19'),
(34, 10048, 2559, 2563, 'ปริญญาตรี', '5904305001009', 10012, '2022-06-08 20:17:42'),
(35, 10049, 2559, 2563, 'ปริญญาตรี', '5904305001010', 10012, '2022-06-08 20:18:10'),
(36, 10050, 2559, 2563, 'ปริญญาตรี', '5904305001011', 10012, '2022-06-08 20:18:28'),
(37, 10051, 2559, 2563, 'ปริญญาตรี', '5904305001012', 10012, '2022-06-08 20:18:44'),
(38, 10052, 2559, 2563, 'ปริญญาตรี', '5904305001013', 10012, '2022-06-08 20:18:58'),
(39, 10053, 2559, 2563, 'ปริญญาตรี', '5904305001014', 10012, '2022-06-08 20:19:17'),
(40, 10054, 2559, 2563, 'ปริญญาตรี', '5904305001015', 10012, '2022-06-08 20:19:53'),
(41, 10055, 2559, 2563, 'ปริญญาตรี', '5904305001016', 10012, '2022-06-08 20:20:28'),
(42, 10056, 2559, 2563, 'ปริญญาตรี', '5904305001017', 10012, '2022-06-08 20:20:38'),
(43, 10057, 2559, 2563, 'ปริญญาตรี', '5904305001018', 10012, '2022-06-08 20:21:20'),
(44, 10058, 2560, 2564, 'ปริญญาตรี', '6004305001001', 10012, '2022-06-08 20:22:21'),
(45, 10059, 2560, 2564, 'ปริญญาตรี', '6004305001002', 10012, '2022-06-08 20:22:40'),
(46, 10060, 2560, 2564, 'ปริญญาตรี', '6004305001003', 10012, '2022-06-08 20:22:57'),
(47, 10061, 2560, 2564, 'ปริญญาตรี', '6004305001004', 10012, '2022-06-08 20:24:42'),
(48, 10062, 2560, 2564, 'ปริญญาตรี', '6004305001005', 10012, '2022-06-08 20:25:12'),
(49, 10063, 2560, 2564, 'ปริญญาตรี', '6004305001006', 10012, '2022-06-08 20:25:46'),
(50, 10064, 2560, 2564, 'ปริญญาตรี', '6004305001007', 10012, '2022-06-08 20:26:06'),
(51, 10065, 2560, 2564, 'ปริญญาตรี', '6004305001008', 10012, '2022-06-08 20:26:21'),
(52, 10066, 2560, 2564, 'ปริญญาตรี', '6004305001009', 10012, '2022-06-08 20:26:35'),
(53, 10067, 2560, 2564, 'ปริญญาตรี', '6004305001010', 10012, '2022-06-08 20:26:50'),
(54, 10068, 2560, 2564, 'ปริญญาตรี', '6004305001011', 10012, '2022-06-08 20:27:10'),
(55, 10069, 2560, 2564, 'ปริญญาตรี', '6004305001012', 10012, '2022-06-08 20:27:25'),
(56, 10070, 2560, 2564, 'ปริญญาตรี', '6004305001013', 10012, '2022-06-08 20:27:41'),
(57, 10071, 2561, 2565, 'ปริญญาตรี', '6104305001001', 10012, '2022-06-08 20:29:08'),
(58, 10072, 2561, 2565, 'ปริญญาตรี', '6104305001002', 10012, '2022-06-08 20:29:26'),
(59, 10073, 2561, 2565, 'ปริญญาตรี', '6104305001003', 10012, '2022-06-08 20:29:52'),
(60, 10074, 2561, 2565, 'ปริญญาตรี', '6104305001004', 10012, '2022-06-08 20:30:07'),
(61, 10075, 2561, 2565, 'ปริญญาตรี', '6104305001005', 10012, '2022-06-08 20:30:25'),
(62, 10076, 2561, 2565, 'ปริญญาตรี', '6104305001006', 10012, '2022-06-08 20:30:59'),
(63, 10077, 2561, 2565, 'ปริญญาตรี', '6104305001007', 10012, '2022-06-08 20:31:33'),
(64, 10078, 2561, 2565, 'ปริญญาตรี', '6104305001008', 10012, '2022-06-08 20:32:02'),
(65, 10079, 2561, 2565, 'ปริญญาตรี', '6104305001009', 10012, '2022-06-08 20:32:30'),
(66, 10080, 2561, 2565, 'ปริญญาตรี', '6104305001010', 10012, '2022-06-08 20:32:46'),
(67, 10081, 2561, 2565, 'ปริญญาตรี', '6104305001011', 10012, '2022-06-08 20:33:02'),
(68, 10082, 2561, 2565, 'ปริญญาตรี', '6104305001012', 10012, '2022-06-08 20:33:59'),
(69, 10083, 2561, 2565, 'ปริญญาตรี', '6104305001013', 10012, '2022-06-08 20:34:14'),
(70, 10084, 2561, 2565, 'ปริญญาตรี', '6104305001014', 10012, '2022-06-08 20:34:31'),
(71, 10085, 2561, 2565, 'ปริญญาตรี', '6104305001015', 10012, '2022-06-08 20:35:03'),
(72, 10086, 2561, 2565, 'ปริญญาตรี', '6104305001016', 10012, '2022-06-08 20:35:20'),
(73, 10087, 2561, 2565, 'ปริญญาตรี', '6104305001018', 10012, '2022-06-08 20:35:33'),
(74, 10088, 2561, 2565, 'ปริญญาตรี', '6104305001019', 10012, '2022-06-08 20:35:58');

-- --------------------------------------------------------

--
-- Table structure for table `tbl_faculty`
--

CREATE TABLE `tbl_faculty` (
  `faID` mediumint(5) NOT NULL COMMENT 'รหัสคณะ',
  `faName` varchar(50) CHARACTER SET utf8mb4 COLLATE utf8mb4_unicode_ci NOT NULL COMMENT 'ชื่อคณะ'
) ENGINE=InnoDB DEFAULT CHARSET=utf8mb4 COLLATE=utf8mb4_unicode_ci;

--
-- Dumping data for table `tbl_faculty`
--

INSERT INTO `tbl_faculty` (`faID`, `faName`) VALUES
(10001, 'คณะวิทยาศาสตร์และเทคโนโลยี'),
(10002, 'คณะนิติศาสตร์'),
(10003, 'คณะพยาบาลศาสตร์'),
(10004, 'คณะวิทยาการจัดการ'),
(10005, 'คณะครุศาสตร์'),
(10006, 'คณะมนุษยศาสตร์และสังคมศาสตร์'),
(10007, 'วิทยาลัยนานาชาติการท่องเที่ยว');

-- --------------------------------------------------------

--
-- Table structure for table `tbl_job`
--

CREATE TABLE `tbl_job` (
  `jobID` mediumint(10) NOT NULL COMMENT 'รหัสบันทึกการทำงาน',
  `uID` mediumint(10) NOT NULL COMMENT 'รหัสผู้ใช้',
  `jobName` varchar(100) CHARACTER SET utf8mb4 COLLATE utf8mb4_unicode_ci NOT NULL COMMENT 'ชื่องาน',
  `jobCompany` varchar(100) CHARACTER SET utf8mb4 COLLATE utf8mb4_unicode_ci DEFAULT NULL COMMENT 'ชื่อองค์กร',
  `jobTel` varchar(15) CHARACTER SET utf8mb4 COLLATE utf8mb4_unicode_ci DEFAULT NULL COMMENT 'โทรศัพท์องค์กร',
  `jobWeb` varchar(100) CHARACTER SET utf8mb4 COLLATE utf8mb4_unicode_ci DEFAULT NULL COMMENT 'เว็บไซต์องค์กร',
  `jobAddress` varchar(100) CHARACTER SET utf8mb4 COLLATE utf8mb4_unicode_ci DEFAULT NULL COMMENT 'ที่อยู่องค์กร',
  `jobSubdistrict` varchar(50) CHARACTER SET utf8mb4 COLLATE utf8mb4_unicode_ci DEFAULT NULL COMMENT 'ตำบล',
  `jobDistrict` varchar(50) CHARACTER SET utf8mb4 COLLATE utf8mb4_unicode_ci DEFAULT NULL COMMENT 'อำเภอ',
  `jobProvince` varchar(50) CHARACTER SET utf8mb4 COLLATE utf8mb4_unicode_ci DEFAULT NULL COMMENT 'จังหวัด',
  `jobZipcode` varchar(5) CHARACTER SET utf8mb4 COLLATE utf8mb4_unicode_ci DEFAULT NULL COMMENT 'รหัสไปรษณีย์',
  `jobUpdate` datetime NOT NULL COMMENT 'เวลาบันทึกข้อมูล'
) ENGINE=InnoDB DEFAULT CHARSET=utf8mb4 COLLATE=utf8mb4_unicode_ci;

--
-- Dumping data for table `tbl_job`
--

INSERT INTO `tbl_job` (`jobID`, `uID`, `jobName`, `jobCompany`, `jobTel`, `jobWeb`, `jobAddress`, `jobSubdistrict`, `jobDistrict`, `jobProvince`, `jobZipcode`, `jobUpdate`) VALUES
(3, 10019, '', '', '', '', '', '', '', '', '', '2022-06-08 19:50:08'),
(4, 10020, '', '', '', '', '', '', '', '', '', '2022-06-08 19:51:25'),
(5, 10021, '', '', '', '', '', '', '', '', '', '2022-06-08 19:52:08'),
(6, 10022, '', '', '', '', '', '', '', '', '', '2022-06-08 19:52:40'),
(7, 10023, '', '', '', '', '', '', '', '', '', '2022-06-08 19:53:20'),
(8, 10024, '', '', '', '', '', '', '', '', '', '2022-06-08 19:54:21'),
(9, 10025, '', '', '', '', '', '', '', '', '', '2022-06-08 19:55:04'),
(10, 10026, '', '', '', '', '', '', '', '', '', '2022-06-08 19:55:28'),
(11, 10027, '', '', '', '', '', '', '', '', '', '2022-06-08 19:56:07'),
(12, 10028, 'เกษตรกร', '', '', '', '', '', '', '', '', '2022-06-08 19:57:01'),
(13, 10029, 'เกษตรกร', '', '', '', '', '', '', '', '', '2022-06-08 19:57:35'),
(14, 10030, 'ช่างตัดผม', '', '', '', '', '', '', '', '', '2022-06-08 19:58:24'),
(15, 10031, 'พ่อค้า', '', '', '', '', '', '', '', '', '2022-06-08 20:00:24'),
(16, 10032, 'พ่อค้า', '', '', '', '', '', '', '', '', '2022-06-08 20:00:52'),
(17, 10033, 'พ่อค้า', '', '', '', '', '', '', '', '', '2022-06-08 20:01:54'),
(18, 10034, 'พ่อค้า', '', '', '', '', '', '', '', '', '2022-06-08 20:02:18'),
(19, 10035, 'พ่อค้า', '', '', '', '', '', '', '', '', '2022-06-08 20:02:57'),
(20, 10036, 'แม่ค้า', '', '', '', '', '', '', '', '', '2022-06-08 20:03:41'),
(21, 10037, 'แม่ค้า', '', '', '', '', '', '', '', '', '2022-06-08 20:04:08'),
(22, 10038, 'พนักงานขับรถ', '๋J&T Express', '077 960 497', 'https://jtexpress.co.th/', '99/9', 'พุนพิน', 'พุนพิน', 'สุราษฎร์ธานี', '84130', '2022-06-08 20:10:50'),
(23, 10039, 'พนักงานขับรถ', '๋J&T Express', '077 960 497', 'https://jtexpress.co.th/', '99/9', 'พุนพิน', 'พุนพิน', 'สุราษฎร์ธานี', '84130', '2022-06-08 20:11:30'),
(24, 10040, 'พนักงานขับรถ', '๋J&T Express', '077 960 497', 'https://jtexpress.co.th/', '99/9', 'พุนพิน', 'พุนพิน', 'สุราษฎร์ธานี', '84130', '2022-06-08 20:13:59'),
(25, 10041, 'พนักงานขับรถ', '๋J&T Express', '077 960 497', 'https://jtexpress.co.th/', '99/9', 'พุนพิน', 'พุนพิน', 'สุราษฎร์ธานี', '84130', '2022-06-08 20:14:28'),
(26, 10042, 'พนักงานขับรถ', '๋J&T Express', '077 960 497', 'https://jtexpress.co.th/', '99/9', 'พุนพิน', 'พุนพิน', 'สุราษฎร์ธานี', '84130', '2022-06-08 20:15:16'),
(27, 10043, 'เกษตรกร', '', '', '', '', '', '', '', '', '2022-06-08 20:16:11'),
(28, 10044, 'เกษตรกร', '', '', '', '', '', '', '', '', '2022-06-08 20:16:30'),
(29, 10045, 'เกษตรกร', '', '', '', '', '', '', '', '', '2022-06-08 20:16:51'),
(30, 10046, 'เกษตรกร', '', '', '', '', '', '', '', '', '2022-06-08 20:17:02'),
(31, 10047, 'เกษตรกร', '', '', '', '', '', '', '', '', '2022-06-08 20:17:19'),
(32, 10048, 'เกษตรกร', '', '', '', '', '', '', '', '', '2022-06-08 20:17:42'),
(33, 10049, 'เกษตรกร', '', '', '', '', '', '', '', '', '2022-06-08 20:18:10'),
(34, 10050, 'เกษตรกร', '', '', '', '', '', '', '', '', '2022-06-08 20:18:28'),
(35, 10051, '', '', '', '', '', '', '', '', '', '2022-06-08 20:18:44'),
(36, 10052, '', '', '', '', '', '', '', '', '', '2022-06-08 20:18:58'),
(37, 10053, '', '', '', '', '', '', '', '', '', '2022-06-08 20:19:17'),
(38, 10054, '', '', '', '', '', '', '', '', '', '2022-06-08 20:19:53'),
(39, 10055, '', '', '', '', '', '', '', '', '', '2022-06-08 20:20:28'),
(40, 10056, '', '', '', '', '', '', '', '', '', '2022-06-08 20:20:38'),
(41, 10057, '', '', '', '', '', '', '', '', '', '2022-06-08 20:21:20'),
(42, 10058, '', '', '', '', '', '', '', '', '', '2022-06-08 20:22:21'),
(43, 10059, '', '', '', '', '', '', '', '', '', '2022-06-08 20:22:40'),
(44, 10060, '', '', '', '', '', '', '', '', '', '2022-06-08 20:22:57'),
(45, 10061, 'โปรแกรมเมอร์', 'Wildnet Co.', '', '', '885', 'หนองบัวน้อย', 'สีคิ้ว', 'นครราชสีมา', '30140', '2022-06-08 20:24:42'),
(46, 10062, 'โปรแกรมเมอร์', 'Wildnet Co.', '', '', '885', 'หนองบัวน้อย', 'สีคิ้ว', 'นครราชสีมา', '30140', '2022-06-08 20:25:12'),
(47, 10063, 'โปรแกรมเมอร์', 'Wildnet Co.', '', '', '885', 'หนองบัวน้อย', 'สีคิ้ว', 'นครราชสีมา', '30140', '2022-06-08 20:25:46'),
(48, 10064, 'โปรแกรมเมอร์', 'Wildnet Co.', '', '', '885', 'หนองบัวน้อย', 'สีคิ้ว', 'นครราชสีมา', '30140', '2022-06-08 20:26:06'),
(49, 10065, 'โปรแกรมเมอร์', 'Wildnet Co.', '', '', '885', 'หนองบัวน้อย', 'สีคิ้ว', 'นครราชสีมา', '30140', '2022-06-08 20:26:21'),
(50, 10066, 'โปรแกรมเมอร์', 'Wildnet Co.', '', '', '885', 'หนองบัวน้อย', 'สีคิ้ว', 'นครราชสีมา', '30140', '2022-06-08 20:26:35'),
(51, 10067, 'โปรแกรมเมอร์', 'Wildnet Co.', '', '', '885', 'หนองบัวน้อย', 'สีคิ้ว', 'นครราชสีมา', '30140', '2022-06-08 20:26:50'),
(52, 10068, '', '', '', '', '', '', '', '', '', '2022-06-08 20:27:10'),
(53, 10069, '', '', '', '', '', '', '', '', '', '2022-06-08 20:27:25'),
(54, 10070, '', '', '', '', '', '', '', '', '', '2022-06-08 20:27:41'),
(55, 10071, '', '', '', '', '', '', '', '', '', '2022-06-08 20:29:08'),
(56, 10072, '', '', '', '', '', '', '', '', '', '2022-06-08 20:29:26'),
(57, 10073, '', '', '', '', '', '', '', '', '', '2022-06-08 20:29:52'),
(58, 10074, '', '', '', '', '', '', '', '', '', '2022-06-08 20:30:07'),
(59, 10075, '', '', '', '', '', '', '', '', '', '2022-06-08 20:30:25'),
(60, 10076, 'พ่อค้า', '', '', '', '', '', '', '', '', '2022-06-08 20:30:59'),
(61, 10077, 'แม่ค้า', '', '', '', '', '', '', '', '', '2022-06-08 20:31:33'),
(62, 10078, 'แม่ค้า', '', '', '', '', '', '', '', '', '2022-06-08 20:32:02'),
(63, 10079, 'แม่ค้า', '', '', '', '', '', '', '', '', '2022-06-08 20:32:30'),
(64, 10080, 'แม่ค้า', '', '', '', '', '', '', '', '', '2022-06-08 20:32:46'),
(65, 10081, 'แม่ค้า', '', '', '', '', '', '', '', '', '2022-06-08 20:33:02'),
(66, 10082, 'เจ้าของฟาร์ม', '', '', '', '', '', '', '', '', '2022-06-08 20:33:59'),
(67, 10083, 'เจ้าของฟาร์ม', '', '', '', '', '', '', '', '', '2022-06-08 20:34:14'),
(68, 10084, 'เจ้าของฟาร์ม', '', '', '', '', '', '', '', '', '2022-06-08 20:34:31'),
(69, 10085, 'ประมงน้ำจืด', '', '', '', '', '', '', '', '', '2022-06-08 20:35:03'),
(70, 10086, 'ประมงน้ำจืด', '', '', '', '', '', '', '', '', '2022-06-08 20:35:20'),
(71, 10087, 'ประมงน้ำจืด', '', '', '', '', '', '', '', '', '2022-06-08 20:35:33'),
(72, 10088, 'ประมงน้ำจืด', '', '', '', '', '', '', '', '', '2022-06-08 20:35:58');

-- --------------------------------------------------------

--
-- Table structure for table `tbl_user`
--

CREATE TABLE `tbl_user` (
  `uID` mediumint(10) NOT NULL COMMENT 'รหัสผู้ใช้',
  `uName` varchar(50) CHARACTER SET utf8mb4 COLLATE utf8mb4_unicode_ci NOT NULL COMMENT 'ชื่อ',
  `uLastname` varchar(50) CHARACTER SET utf8mb4 COLLATE utf8mb4_unicode_ci NOT NULL COMMENT 'นามสกุล',
  `uGender` enum('ชาย','หญิง') CHARACTER SET utf8mb4 COLLATE utf8mb4_unicode_ci NOT NULL COMMENT 'เพศ',
  `uBirthdate` date NOT NULL COMMENT 'วัน/เดือน/ปี เกิด',
  `uTel` varchar(10) CHARACTER SET utf8mb4 COLLATE utf8mb4_unicode_ci NOT NULL COMMENT 'โทรศัพท์',
  `uEmail` varchar(50) CHARACTER SET utf8mb4 COLLATE utf8mb4_unicode_ci DEFAULT '-' COMMENT 'อีเมลล์',
  `uAddress` varchar(100) CHARACTER SET utf8mb4 COLLATE utf8mb4_unicode_ci NOT NULL COMMENT 'ที่อยู่',
  `uSubdistrict` varchar(50) CHARACTER SET utf8mb4 COLLATE utf8mb4_unicode_ci NOT NULL COMMENT 'ตำบล',
  `uDistrict` varchar(50) CHARACTER SET utf8mb4 COLLATE utf8mb4_unicode_ci NOT NULL COMMENT 'อำเภอ',
  `uProvince` varchar(50) CHARACTER SET utf8mb4 COLLATE utf8mb4_unicode_ci NOT NULL COMMENT 'จังหวัด',
  `uZipcode` varchar(5) CHARACTER SET utf8mb4 COLLATE utf8mb4_unicode_ci NOT NULL COMMENT 'รหัสไปรษณีย์',
  `ujobstatus` enum('ว่างงาน','ศึกษาต่อ','ประกอบอาชีพส่วนตัว','ประกอบอาชีพในบริษัท/องค์กร') CHARACTER SET utf8mb4 COLLATE utf8mb4_unicode_ci DEFAULT NULL COMMENT 'สถานะการมีงานทำ',
  `username` varchar(50) CHARACTER SET utf8mb4 COLLATE utf8mb4_unicode_ci NOT NULL COMMENT 'ชื่อผู้ใช้',
  `password` varchar(100) CHARACTER SET utf8mb4 COLLATE utf8mb4_unicode_ci NOT NULL COMMENT 'รหัสผ่าน',
  `level` enum('ศิษย์เก่า','เจ้าหน้าที่','ผู้ดูแลระบบ') CHARACTER SET utf8mb4 COLLATE utf8mb4_unicode_ci NOT NULL DEFAULT 'ศิษย์เก่า' COMMENT 'ระดับบัญชี',
  `uUpdate` datetime NOT NULL COMMENT 'เวลาบันทึกข้อมูล'
) ENGINE=InnoDB DEFAULT CHARSET=utf8mb4 COLLATE=utf8mb4_unicode_ci;

--
-- Dumping data for table `tbl_user`
--

INSERT INTO `tbl_user` (`uID`, `uName`, `uLastname`, `uGender`, `uBirthdate`, `uTel`, `uEmail`, `uAddress`, `uSubdistrict`, `uDistrict`, `uProvince`, `uZipcode`, `ujobstatus`, `username`, `password`, `level`, `uUpdate`) VALUES
(10005, 'สุรพัศ', 'ทดสอบระบบ', 'ชาย', '2022-01-03', '0641000001', 'officer01@example.com', '22/2 สมศรีแมนชั่น', 'หาดยาย', 'หลังสวน', 'ชุมพร', '86110', NULL, 'officer01@example.com', '$2y$10$LEb.brhyjfLhw6wDicm2c.3VxGQxiBiqVVfAdQistfPKkFkQ2SP.W', 'เจ้าหน้าที่', '2022-06-08 19:38:54'),
(10006, 'ปฐมพงษ์', 'ทดสอบระบบ', 'ชาย', '1995-06-05', '0641000002', 'officer02@example.com', '23/2 สมศรีแมนชั่น', 'หาดยาย', 'หลังสวน', 'ชุมพร', '86110', NULL, 'officer02@example.com', '$2y$10$xaRlSmc.8yzD7JanWJaeWO.mR6ddnrdJ3/gXRT4w7fwO7QEodPyNe', 'เจ้าหน้าที่', '2022-06-08 19:26:42'),
(10007, 'สุทิน', 'ทดสอบระบบ', 'ชาย', '1995-01-03', '0641000003', 'officer03@example.com', '24/2 สมศรีแมนชั่น', 'หาดยาย', 'หลังสวน', 'ชุมพร', '86110', NULL, 'officer03@example.com', '$2y$10$PnpMC04XIP0lQt6ZgXh7B.ndKwivp3xAig54bhdHv6JrnYPWyvMdm', 'เจ้าหน้าที่', '2022-06-08 19:29:26'),
(10008, 'สุนทร', 'ทดสอบระบบ', 'ชาย', '1995-04-29', '0641000004', 'officer04@example.com', '25/2 สมศรีแมนชั่น', 'หาดยาย', 'หลังสวน', 'ชุมพร', '86110', NULL, 'officer04@example.com', '$2y$10$Z0wpx/N8TrlACY44N12p9esQKd4Bp4EHD5XwGv.uNBcueZ4gYl5YC', 'เจ้าหน้าที่', '2022-06-08 19:30:09'),
(10009, 'กาญจนา', 'ทดสอบระบบ', 'หญิง', '1995-04-10', '0641000005', 'officer05@example.com', '25/2 สมศรีแมนชั่น', 'หาดยาย', 'หลังสวน', 'ชุมพร', '86110', NULL, 'officer05@example.com', '$2y$10$Ksy3DPyxF4Xa8GffFB8Zeumkc5z4HO0KKAfKA5Mhh7le7GfEZXwcq', 'เจ้าหน้าที่', '2022-06-08 19:31:12'),
(10010, 'สมรักษ์', 'ทดสอบระบบ', 'ชาย', '1995-06-06', '0641000006', 'officer06@example.com', '26/2 สมศรีแมนชั่น', 'หาดยาย', 'หลังสวน', 'ชุมพร', '86110', NULL, 'officer06@example.com', '$2y$10$1UeVZCsiWLQUDN1PdA1yfeoKLlYUTtD9oAv1eYNp5iiNiQRHV1r0u', 'เจ้าหน้าที่', '2022-06-08 19:31:48'),
(10011, 'ชนาธิป', 'ทดสอบระบบ', 'ชาย', '1995-06-04', '0641000007', 'officer07@example.com', '27/2 สมศรีแมนชั่น', 'หาดยาย', 'หลังสวน', 'ชุมพร', '86110', NULL, 'officer07@example.com', '$2y$10$QdTTBztQ8.ARFVmNkdmbSedRVgQP5mra2rhdIwJDNGn1WVBeL9lAu', 'เจ้าหน้าที่', '2022-06-08 19:32:32'),
(10012, 'ธนากร', 'ทดสอบระบบ', 'ชาย', '1995-02-06', '0641000008', 'officer08@example.com', '28/2 สมศรีแมนชั่น', 'หาดยาย', 'หลังสวน', 'ชุมพร', '86110', NULL, 'officer08@example.com', '$2y$10$8sOv3RdaIMeR5bhov2R1guTsvsWpzvqB/g6fI3DFeItqf9cxMMLpe', 'เจ้าหน้าที่', '2022-06-08 19:33:14'),
(10013, 'ชาติชาย', 'ทดสอบระบบ', 'ชาย', '1995-02-01', '0641000009', 'officer09@example.com', '29/2 สมศรีแมนชั่น', 'หาดยาย', 'หลังสวน', 'ชุมพร', '86110', NULL, 'officer09@example.com', '$2y$10$AuKwszIZRyT/porIpve8g.ZmbGXRJ4Dq6m4uifQ54cyYlhES3lsH6', 'เจ้าหน้าที่', '2022-06-08 19:33:40'),
(10014, 'นฤมล', 'ทดสอบระบบ', 'หญิง', '1995-03-06', '0641000010', 'officer10@example.com', '30/2 สมศรีแมนชั่น', 'หาดยาย', 'หลังสวน', 'ชุมพร', '86110', NULL, 'officer10@example.com', '$2y$10$nC/sQbrHOh2vya6jGCT0k.HR3ntaX.gT7K01WN7Cc689UwxUFt0nC', 'เจ้าหน้าที่', '2022-06-08 19:34:19'),
(10015, 'ก้องภพ', 'ทดสอบระบบ', 'ชาย', '1995-03-16', '0641000011', 'officer11@example.com', '31/2 สมศรีแมนชั่น', 'หาดยาย', 'หลังสวน', 'ชุมพร', '86110', NULL, 'officer11@example.com', '$2y$10$K8/k1jrDQY7ClHtT6Kn6ZekTpa0Lw7hVSMEtcGhKDMYsMpqsgcoQK', 'เจ้าหน้าที่', '2022-06-08 19:34:51'),
(10016, 'ธนกฤต', 'ทดสอบระบบ', 'ชาย', '1995-03-09', '0641000012', 'officer12@example.com', '32/2 สมศรีแมนชั่น', 'หาดยาย', 'หลังสวน', 'ชุมพร', '86110', NULL, 'officer12@example.com', '$2y$10$UGMC4SdxHCaxgEKQ6dBvTuttozoshTALB7PEpPQF35GWiPjfCScYW', 'เจ้าหน้าที่', '2022-06-08 19:35:18'),
(10017, 'ไอรัก', 'ทดสอบระบบ', 'หญิง', '1995-05-10', '0641000013', 'officer13@example.com', '33/2 สมศรีแมนชั่น', 'หาดยาย', 'หลังสวน', 'ชุมพร', '86110', NULL, 'officer13@example.com', '$2y$10$NgHgaEspT5MO64YxONDtqef7CMyX8etc21vTUexKRRKQaO1EXgReC', 'เจ้าหน้าที่', '2022-06-08 19:35:58'),
(10018, 'ศรราม', 'ทดสอบระบบ', 'ชาย', '1998-06-03', '0641000014', 'officer14@example.com', '34/2 สมศรีแมนชั่น', 'หาดยาย', 'หลังสวน', 'ชุมพร', '86110', NULL, 'officer14@example.com', '$2y$10$HeMlgm.28e.kJCyLYeFSk.qMIFHGtlwXzRtee3gsN9GTGWX2hnL2C', 'เจ้าหน้าที่', '2022-06-08 19:37:49'),
(10019, 'ชมพูนุท', 'บัญชีทดสอบ', 'หญิง', '1998-02-08', '0821000001', '', '11/2 ถนนสุราษฎร์-นาสาร', 'ขุนทะเล', 'เมืองสุราษฎร์ธานี', 'สุราษฎร์ธานี', '84100', 'ว่างงาน', '5804305001001', '$2y$10$LZk2t/ie4YXdJqNtHJ0paeHEtjxOqEs8mJWitcnkxXYd3rK/yY/tm', 'ศิษย์เก่า', '2022-06-08 19:50:08'),
(10020, 'ธรรณธร', 'บัญชีทดสอบ', 'ชาย', '1998-02-02', '0821000002', '', '12/2 ถนนสุราษฎร์-นาสาร', 'ขุนทะเล', 'เมืองสุราษฎร์ธานี', 'สุราษฎร์ธานี', '84100', 'ว่างงาน', '5804305001002', '$2y$10$00BT5wtby23qgh..x.3gje1LYFbuIHoykz19kOtDky5Scbgr27Kda', 'ศิษย์เก่า', '2022-06-08 19:51:25'),
(10021, 'ณรงค์ศักดิ์', 'บัญชีทดสอบ', 'ชาย', '1998-02-01', '0821000003', '', '13/2 ถนนสุราษฎร์-นาสาร', 'ขุนทะเล', 'เมืองสุราษฎร์ธานี', 'สุราษฎร์ธานี', '84100', 'ว่างงาน', '5804305001003', '$2y$10$sE02FQni2.5kZonmvXZgV.Y5mJil8lHYV8kMqJQTY4lZPjv9To.dm', 'ศิษย์เก่า', '2022-06-08 19:52:08'),
(10022, 'สมภพ', 'บัญชีทดสอบ', 'ชาย', '1998-02-27', '0821000004', '', '13/2 ถนนสุราษฎร์-นาสาร', 'ขุนทะเล', 'เมืองสุราษฎร์ธานี', 'สุราษฎร์ธานี', '84100', 'ว่างงาน', '5804305001004', '$2y$10$z1MXOyhPrOq33KekFXzuwOny4hzV6wwbuSignyy8DB1mgYuq78E/y', 'ศิษย์เก่า', '2022-06-08 19:52:40'),
(10023, 'อานุภาพ', 'บัญชีทดสอบ', 'ชาย', '1998-03-04', '0821000005', '', '15/2 ถนนสุราษฎร์-นาสาร', 'ขุนทะเล', 'เมืองสุราษฎร์ธานี', 'สุราษฎร์ธานี', '84100', 'ว่างงาน', '5804305001005', '$2y$10$YBncv7HHBdG3GvZHr5YYv.xyHeCNkc.KWOkbcp2wO/oSNQy/Z.9wu', 'ศิษย์เก่า', '2022-06-08 19:53:20'),
(10024, 'อนุชาติ', 'บัญชีทดสอบ', 'ชาย', '1998-03-04', '0821000006', '', '16/2 ถนนสุราษฎร์-นาสาร', 'ขุนทะเล', 'เมืองสุราษฎร์ธานี', 'สุราษฎร์ธานี', '84100', 'ว่างงาน', '5804305001006', '$2y$10$K09ylvwdeaZfCwMgKVMOy.2yDlrfsnr5ra59sHrjafq0n/oWr5UOK', 'ศิษย์เก่า', '2022-06-08 19:54:21'),
(10025, 'ธิดารัตน์', 'บัญชีทดสอบ', 'ชาย', '1998-03-09', '0821000007', '', '17/2 ถนนสุราษฎร์-นาสาร', 'ขุนทะเล', 'เมืองสุราษฎร์ธานี', 'สุราษฎร์ธานี', '84100', 'ศึกษาต่อ', '5804305001007', '$2y$10$n5Q0pBjKI.IvESXwMQWtzeFjDWETACYZKjmj08psdg/A2bHsaRh/O', 'ศิษย์เก่า', '2022-06-08 19:55:04'),
(10026, 'สมคิด', 'บัญชีทดสอบ', 'ชาย', '1998-03-21', '0821000008', '', '17/2 ถนนสุราษฎร์-นาสาร', 'ขุนทะเล', 'เมืองสุราษฎร์ธานี', 'สุราษฎร์ธานี', '84100', 'ศึกษาต่อ', '5804305001008', '$2y$10$VM2niJohk2sN8TdHijlw9u7gf3yRL1B0.pXV8nemfkjCUcDprvbsK', 'ศิษย์เก่า', '2022-06-08 19:55:28'),
(10027, 'รุ่งฤดี', 'บัญชีทดสอบ', 'หญิง', '1998-03-04', '0821000009', '', '17/2 ถนนสุราษฎร์-นาสาร', 'ขุนทะเล', 'เมืองสุราษฎร์ธานี', 'สุราษฎร์ธานี', '84100', 'ศึกษาต่อ', '5804305001009', '$2y$10$3/uicJ1LoSg995wXF.agceK8.98TyO8iPxfLqcm7UIIBzTM6F7xAK', 'ศิษย์เก่า', '2022-06-08 19:56:07'),
(10028, 'ธนันดร', 'บัญชีทดสอบ', 'ชาย', '1998-03-04', '0821000010', '', '20/2 ถนนสุราษฎร์-นาสาร', 'ขุนทะเล', 'เมืองสุราษฎร์ธานี', 'สุราษฎร์ธานี', '84100', 'ประกอบอาชีพส่วนตัว', '5804305001010', '$2y$10$HMoFaFWXH7iA1ywfDn8.VeZEylCD7jzIEB8kA5BK.H1wr.nNbbS/O', 'ศิษย์เก่า', '2022-06-08 19:57:01'),
(10029, 'ชัชชาติ', 'บัญชีทดสอบ', 'ชาย', '1998-03-04', '0821000011', '', '20/2 ถนนสุราษฎร์-นาสาร', 'ขุนทะเล', 'เมืองสุราษฎร์ธานี', 'สุราษฎร์ธานี', '84100', 'ประกอบอาชีพส่วนตัว', '5804305001011', '$2y$10$g8Rvdx56loNYiPp2xzhZQOUFhZn2JV0D4NTVI/4gnqxGVIbMbLZ6i', 'ศิษย์เก่า', '2022-06-08 19:57:35'),
(10030, 'ชุมแพ', 'บัญชีทดสอบ', 'ชาย', '1998-03-04', '0821000012', '', '20/2 ถนนสุราษฎร์-นาสาร', 'ขุนทะเล', 'เมืองสุราษฎร์ธานี', 'สุราษฎร์ธานี', '84100', 'ประกอบอาชีพส่วนตัว', '5804305001012', '$2y$10$LovJRePq5V0viQB1drDPP.xMpuZS7uWmvrBoIuujDMtL8iZo0r7OS', 'ศิษย์เก่า', '2022-06-08 19:58:24'),
(10031, 'นพดล', 'บัญชีทดสอบ', 'ชาย', '1998-03-13', '0821000013', '', '20/2 ถนนสุราษฎร์-นาสาร', 'ขุนทะเล', 'เมืองสุราษฎร์ธานี', 'สุราษฎร์ธานี', '84100', 'ประกอบอาชีพส่วนตัว', '5804305001013', '$2y$10$LNklm1MtkB7KLniU7pf35OntLEY3HQZSIT.SpPxnVWrJQDBgAlERq', 'ศิษย์เก่า', '2022-06-08 20:00:24'),
(10032, 'นนทก', 'บัญชีทดสอบ', 'ชาย', '1998-03-13', '0821000014', '', '24/2 ถนนสุราษฎร์-นาสาร', 'ขุนทะเล', 'เมืองสุราษฎร์ธานี', 'สุราษฎร์ธานี', '84100', 'ประกอบอาชีพส่วนตัว', '5804305001014', '$2y$10$TaSCdpajbn3MCDXmk7ZbxuaUnC8V8Mz/gIZe.13nXibkBQquURwSK', 'ศิษย์เก่า', '2022-06-08 20:00:52'),
(10033, 'เกรียงไกร', 'บัญชีทดสอบ', 'ชาย', '1998-03-13', '0821000015', '', '24/2 ถนนสุราษฎร์-นาสาร', 'ขุนทะเล', 'เมืองสุราษฎร์ธานี', 'สุราษฎร์ธานี', '84100', 'ประกอบอาชีพส่วนตัว', '5804305001015', '$2y$10$lPkhV6ekhPOKeKpR4B8sLeP8/YJ8dUqEj1OjFThT6m1HJDVQY89wO', 'ศิษย์เก่า', '2022-06-08 20:01:54'),
(10034, 'ไกรทอง', 'บัญชีทดสอบ', 'ชาย', '1998-03-13', '0821000016', '', '26/2 ถนนสุราษฎร์-นาสาร', 'ขุนทะเล', 'เมืองสุราษฎร์ธานี', 'สุราษฎร์ธานี', '84100', 'ประกอบอาชีพส่วนตัว', '5804305001016', '$2y$10$sVQhHCPwZ0wevjEWp/zequE/GVXdVF66crMInfUqh.fjSlmW5F9qq', 'ศิษย์เก่า', '2022-06-08 20:02:18'),
(10035, 'ชนกวรรณ', 'บัญชีทดสอบ', 'ชาย', '1998-03-13', '0821000017', '', '26/2 ถนนสุราษฎร์-นาสาร', 'ขุนทะเล', 'เมืองสุราษฎร์ธานี', 'สุราษฎร์ธานี', '84100', 'ประกอบอาชีพส่วนตัว', '5804305001017', '$2y$10$375P6y0D.Owgso0kVtD9d.pwAYtDlpMZLOVPLA9aOfWPdqjYFQKIO', 'ศิษย์เก่า', '2022-06-08 20:02:57'),
(10036, 'เปรมปรีด์', 'บัญชีทดสอบ', 'หญิง', '1998-03-26', '0821000017', '', '26/2 ถนนสุราษฎร์-นาสาร', 'ขุนทะเล', 'เมืองสุราษฎร์ธานี', 'สุราษฎร์ธานี', '84100', 'ประกอบอาชีพส่วนตัว', '5804305001018', '$2y$10$cN3aJNGKoB3ddfG55yhqrOBCs78AfCMCVu8Q/8sGuMJsGEtkhU5Qe', 'ศิษย์เก่า', '2022-06-08 20:03:41'),
(10037, 'บวรลักษณ์', 'บัญชีทดสอบ', 'หญิง', '1998-03-26', '0821000019', '', '26/2 ถนนสุราษฎร์-นาสาร', 'ขุนทะเล', 'เมืองสุราษฎร์ธานี', 'สุราษฎร์ธานี', '84100', 'ประกอบอาชีพส่วนตัว', '5804305001019', '$2y$10$1RcZPn4BWKPqAO7krEWqeOtcld4QudsUCUa0525btL.6PvYAYJtwW', 'ศิษย์เก่า', '2022-06-08 20:04:08'),
(10038, 'กนกวรรณ', 'บัญชีทดสอบ', 'หญิง', '1998-03-26', '0821000020', '', '33/2 โอเคแมนชั่น', 'ขุนทะเล', 'เมืองสุราษฎร์ธานี', 'สุราษฎร์ธานี', '84100', 'ประกอบอาชีพในบริษัท/องค์กร', '5804305001020', '$2y$10$gvkxnCeSkgx0C46tyrQfwOjMAuOKCdKTCzJ2nFVEJG.a3WoFqdXRm', 'ศิษย์เก่า', '2022-06-08 20:10:50'),
(10039, 'สมพงษ์', 'บัญชีทดสอบ', 'ชาย', '1998-03-26', '0821000021', '', '33/2 โอเคแมนชั่น', 'ขุนทะเล', 'เมืองสุราษฎร์ธานี', 'สุราษฎร์ธานี', '84100', 'ประกอบอาชีพในบริษัท/องค์กร', '5804305001021', '$2y$10$yx5AT5hvilnNAj6LzpMkHeNLSJWTzXhOpxajxJSMQuiMSJ9Y9YeAG', 'ศิษย์เก่า', '2022-06-08 20:11:30'),
(10040, 'วิเชียร', 'บัญชีทดสอบ', 'ชาย', '1999-01-01', '0822000001', '', '11/2 นวลแมนชั่น', 'ขุนทะเล', 'เมืองสุราษฎร์ธานี', 'สุราษฎร์ธานี', '84100', 'ประกอบอาชีพในบริษัท/องค์กร', '5904305001001', '$2y$10$2v7X2niPispi2TRB1ZDDKOgodvIJVOtEObzpQVUhJHyQ.DlrRotMu', 'ศิษย์เก่า', '2022-06-08 20:13:59'),
(10041, 'วิบูลย์', 'บัญชีทดสอบ', 'ชาย', '1999-01-01', '0822000002', '', '11/2 นวลแมนชั่น', 'ขุนทะเล', 'เมืองสุราษฎร์ธานี', 'สุราษฎร์ธานี', '84100', 'ประกอบอาชีพในบริษัท/องค์กร', '5904305001002', '$2y$10$5LXfSnvvT.S4LWzWDTv1/OWhFcY4SiSA6eISabfgHECMRK8sTa1he', 'ศิษย์เก่า', '2022-06-08 20:14:28'),
(10042, 'วิไลวรรณ', 'บัญชีทดสอบ', 'หญิง', '1999-01-01', '0822000003', '', '12/2 นวลแมนชั่น', 'ขุนทะเล', 'เมืองสุราษฎร์ธานี', 'สุราษฎร์ธานี', '84100', 'ประกอบอาชีพในบริษัท/องค์กร', '5904305001003', '$2y$10$SgV.mVho3.9alhv1q4PB4OJ0ApJ88Euyv45SwYeGuwUsjg3FVmKPa', 'ศิษย์เก่า', '2022-06-08 20:15:16'),
(10043, 'นงนุช', 'บัญชีทดสอบ', 'หญิง', '1999-01-01', '0822000004', '', '12/2 นวลแมนชั่น', 'ขุนทะเล', 'เมืองสุราษฎร์ธานี', 'สุราษฎร์ธานี', '84100', 'ประกอบอาชีพส่วนตัว', '5904305001004', '$2y$10$.nzquKlgYLaam/WrIHsjjuL4fHF9aHoE2axKGNm0oonBEQjE9he.i', 'ศิษย์เก่า', '2022-06-08 20:16:11'),
(10044, 'อรอนงค์', 'บัญชีทดสอบ', 'หญิง', '1999-01-01', '0822000004', '', '12/2 นวลแมนชั่น', 'ขุนทะเล', 'เมืองสุราษฎร์ธานี', 'สุราษฎร์ธานี', '84100', 'ประกอบอาชีพส่วนตัว', '5904305001005', '$2y$10$kp2Y9OVkjiB8ejDVTpDV4.VMatoqiuwiYuzpaQ4AMKoarWMm2bH6W', 'ศิษย์เก่า', '2022-06-08 20:16:30'),
(10045, 'จรกา', 'บัญชีทดสอบ', 'ชาย', '1999-01-01', '0822000004', '', '12/2 นวลแมนชั่น', 'ขุนทะเล', 'เมืองสุราษฎร์ธานี', 'สุราษฎร์ธานี', '84100', 'ประกอบอาชีพส่วนตัว', '5904305001006', '$2y$10$fAefP3inOu.ZX4pE.eYwg.407AW.vPrWfabn6kG.KuE0S9kbhKxXm', 'ศิษย์เก่า', '2022-06-08 20:16:51'),
(10046, 'จรลี', 'บัญชีทดสอบ', 'ชาย', '1999-01-01', '0822000004', '', '12/2 นวลแมนชั่น', 'ขุนทะเล', 'เมืองสุราษฎร์ธานี', 'สุราษฎร์ธานี', '84100', 'ประกอบอาชีพส่วนตัว', '5904305001007', '$2y$10$uD8yF5ZFWD/VwHz4sDxMSeiVmw64J7/peR4rHJuYgrP16HarOCzjm', 'ศิษย์เก่า', '2022-06-08 20:17:02'),
(10047, 'ศรสมี', 'บัญชีทดสอบ', 'ชาย', '1999-01-01', '0822000004', '', '12/2 นวลแมนชั่น', 'ขุนทะเล', 'เมืองสุราษฎร์ธานี', 'สุราษฎร์ธานี', '84100', 'ประกอบอาชีพส่วนตัว', '5904305001008', '$2y$10$FBwvib1vx7ayc1u6a8CYoeBXFG7zmOE4KNXqe3WUzN9vYG1XaJrqy', 'ศิษย์เก่า', '2022-06-08 20:17:19'),
(10048, 'บังอร', 'บัญชีทดสอบ', 'หญิง', '1999-01-01', '0822000004', '', '13/2 นวลแมนชั่น', 'ขุนทะเล', 'เมืองสุราษฎร์ธานี', 'สุราษฎร์ธานี', '84100', 'ประกอบอาชีพส่วนตัว', '5904305001009', '$2y$10$ZHgYA16ZJ201ZTlbD.Puo.Kp0BNOu7CK4P3BViBObzAReQXvOSMrm', 'ศิษย์เก่า', '2022-06-08 20:17:42'),
(10049, 'สินสมุทร', 'บัญชีทดสอบ', 'ชาย', '1999-01-01', '0822000008', '', '15/2 นวลแมนชั่น', 'ขุนทะเล', 'เมืองสุราษฎร์ธานี', 'สุราษฎร์ธานี', '84100', 'ประกอบอาชีพส่วนตัว', '5904305001010', '$2y$10$goVb1LzMxFOEb1xXetBxf.nb4pUdllq57Tc4Sq4K43HkwxJ4cWSEG', 'ศิษย์เก่า', '2022-06-08 20:18:10'),
(10050, 'สุดสาคร', 'บัญชีทดสอบ', 'ชาย', '1999-01-01', '0822000009', '', '15/2 นวลแมนชั่น', 'ขุนทะเล', 'เมืองสุราษฎร์ธานี', 'สุราษฎร์ธานี', '84100', 'ประกอบอาชีพส่วนตัว', '5904305001011', '$2y$10$6r/PLgrqEIjjxsSW8NdwkOaJfHpukq2G/spK8CyK8ZiWU.ZcI98z6', 'ศิษย์เก่า', '2022-06-08 20:18:28'),
(10051, 'สุดสาคร', 'บัญชีทดสอบ', 'ชาย', '1999-01-01', '0822000009', '', '15/2 นวลแมนชั่น', 'ขุนทะเล', 'เมืองสุราษฎร์ธานี', 'สุราษฎร์ธานี', '84100', 'ว่างงาน', '5904305001012', '$2y$10$LZT3Mvv9gNRQ.Dcceglq3uiffo6L4cn2SEqRchGkG1XexxwYicq2e', 'ศิษย์เก่า', '2022-06-08 20:18:44'),
(10052, 'พิบูลย์', 'บัญชีทดสอบ', 'ชาย', '1999-01-01', '0822000009', '', '15/2 นวลแมนชั่น', 'ขุนทะเล', 'เมืองสุราษฎร์ธานี', 'สุราษฎร์ธานี', '84100', 'ว่างงาน', '5904305001013', '$2y$10$Cab6/mSycco3T5.pOfeYleW0GqK1LXqRzsB8b/9qODcoz3UT12ux.', 'ศิษย์เก่า', '2022-06-08 20:18:58'),
(10053, 'แสงฉัตร', 'บัญชีทดสอบ', 'ชาย', '1999-01-01', '0822000009', '', '20/2 นวลแมนชั่น', 'ขุนทะเล', 'เมืองสุราษฎร์ธานี', 'สุราษฎร์ธานี', '84100', 'ว่างงาน', '5904305001014', '$2y$10$2U2D349447KkDlKtFLYuguTCzFEBZbL.3yQoUjOEtYquVoC9/mYEG', 'ศิษย์เก่า', '2022-06-08 20:19:17'),
(10054, 'ประวิทย์', 'บัญชีทดสอบ', 'ชาย', '1999-01-01', '0822000201', '', '20/2 นวลแมนชั่น', 'ขุนทะเล', 'เมืองสุราษฎร์ธานี', 'สุราษฎร์ธานี', '84100', 'ว่างงาน', '5904305001015', '$2y$10$0BZlkwgsQ4XY1JC5j9EDAuhBKKpCKsDTP0SnDT5iD1sVbfDvB0bEa', 'ศิษย์เก่า', '2022-06-08 20:19:53'),
(10055, 'การเกตุ', 'บัญชีทดสอบ', 'หญิง', '1999-01-01', '0822000201', '', '20/2 นวลแมนชั่น', 'ขุนทะเล', 'เมืองสุราษฎร์ธานี', 'สุราษฎร์ธานี', '84100', 'ว่างงาน', '5904305001016', '$2y$10$.8IuY3yV0kAj9iuATq8QEuhc6PlQqQEFbz1DeXVgMcTGX5zSw2jse', 'ศิษย์เก่า', '2022-06-08 20:20:28'),
(10056, 'สายทอง', 'บัญชีทดสอบ', 'หญิง', '1999-01-01', '0822000201', '', '20/2 นวลแมนชั่น', 'ขุนทะเล', 'เมืองสุราษฎร์ธานี', 'สุราษฎร์ธานี', '84100', 'ว่างงาน', '5904305001017', '$2y$10$eNcO4xRmPuppyjyxRAXJmurNWj5NlV2dUwPm.53V4GCP7ry74drwq', 'ศิษย์เก่า', '2022-06-08 20:20:38'),
(10057, 'อภิรัตน์', 'บัญชีทดสอบ', 'หญิง', '1999-01-01', '0822000221', '', '8/2 นวลแมนชั่น', 'ขุนทะเล', 'เมืองสุราษฎร์ธานี', 'สุราษฎร์ธานี', '84100', 'ว่างงาน', '5904305001018', '$2y$10$5xh11.3e68mbX1svIkvWReuFmJGXSu.U6g47ph1L5YQmGpI.CuXDa', 'ศิษย์เก่า', '2022-06-08 20:21:20'),
(10058, 'สมบูรณ์', 'บัญชีทดสอบ', 'ชาย', '1999-01-01', '0822000221', '', '8/2 นวลแมนชั่น', 'ขุนทะเล', 'เมืองสุราษฎร์ธานี', 'สุราษฎร์ธานี', '84100', 'ว่างงาน', '6004305001001', '$2y$10$Y.neTPNdIeH3tNYtL2ZiteWEzrvS9GjxwddR.n6cpJU8is3LhM8l.', 'ศิษย์เก่า', '2022-06-08 20:22:21'),
(10059, 'ศรีราชา', 'บัญชีทดสอบ', 'ชาย', '1999-01-01', '0822000221', '', '8/2 นวลแมนชั่น', 'ขุนทะเล', 'เมืองสุราษฎร์ธานี', 'สุราษฎร์ธานี', '84100', 'ว่างงาน', '6004305001002', '$2y$10$mVrvaaWW9PNYWgiK4ECZG.IwwSfD50jpiYrGSi0BRIsyl5SlAxIYK', 'ศิษย์เก่า', '2022-06-08 20:22:40'),
(10060, 'สลิลทิพย์', 'บัญชีทดสอบ', 'หญิง', '1999-01-01', '0822000221', '', '8/2 นวลแมนชั่น', 'ขุนทะเล', 'เมืองสุราษฎร์ธานี', 'สุราษฎร์ธานี', '84100', 'ว่างงาน', '6004305001003', '$2y$10$BcXwGHLd.PSH/SCrDxEyau798kFGGJXDs51osbjlEAwrgIOmB6BfK', 'ศิษย์เก่า', '2022-06-08 20:22:57'),
(10061, 'สุวรรณ', 'บัญชีทดสอบ', 'ชาย', '1999-01-01', '0822000221', '', '8/2 นวลแมนชั่น', 'ขุนทะเล', 'เมืองสุราษฎร์ธานี', 'สุราษฎร์ธานี', '84100', 'ประกอบอาชีพในบริษัท/องค์กร', '6004305001004', '$2y$10$5EEiIxtwbr2a25VFhCKDCuBrnVGlaTRedNEIfcSg5PaH7sJ3ijlGG', 'ศิษย์เก่า', '2022-06-08 20:24:42'),
(10062, 'นรินทิพย์', 'บัญชีทดสอบ', 'หญิง', '1999-01-01', '0822000221', '', '8/2 นวลแมนชั่น', 'ขุนทะเล', 'เมืองสุราษฎร์ธานี', 'สุราษฎร์ธานี', '84100', 'ประกอบอาชีพในบริษัท/องค์กร', '6004305001005', '$2y$10$b76FtTCuCawmn8yb87vuk.032/fiFQePnC7yb6n3s9.GyjRNrnss6', 'ศิษย์เก่า', '2022-06-08 20:25:12'),
(10063, 'กัญจนพร', 'บัญชีทดสอบ', 'หญิง', '1999-01-01', '0822000220', '', '8/2 นวลแมนชั่น', 'ขุนทะเล', 'เมืองสุราษฎร์ธานี', 'สุราษฎร์ธานี', '84100', 'ประกอบอาชีพในบริษัท/องค์กร', '6004305001006', '$2y$10$1reHJP5V0AndYMn9IG5l/./9rSYChAcJi3SP5de1734wVAQ94ArAe', 'ศิษย์เก่า', '2022-06-08 20:25:46'),
(10064, 'เจียมศิริ', 'บัญชีทดสอบ', 'ชาย', '1999-01-01', '0822000220', '', '8/2 นวลแมนชั่น', 'ขุนทะเล', 'เมืองสุราษฎร์ธานี', 'สุราษฎร์ธานี', '84100', 'ประกอบอาชีพในบริษัท/องค์กร', '6004305001007', '$2y$10$W466fI8z0zJIeA/tyMM/sOy0QjD.JhavE2weRoR8/K8TgxsFSvIBW', 'ศิษย์เก่า', '2022-06-08 20:26:06'),
(10065, 'ศักดิ์ชาย', 'บัญชีทดสอบ', 'ชาย', '1999-01-01', '0822000220', '', '8/2 นวลแมนชั่น', 'ขุนทะเล', 'เมืองสุราษฎร์ธานี', 'สุราษฎร์ธานี', '84100', 'ประกอบอาชีพในบริษัท/องค์กร', '6004305001008', '$2y$10$MsIfLor2/22l8qzZFX73kuwkp3i5VQjuy1gbcEEE3XU4VmflIXWkK', 'ศิษย์เก่า', '2022-06-08 20:26:21'),
(10066, 'ทรงวุฒิ', 'บัญชีทดสอบ', 'ชาย', '1999-01-01', '0822000220', '', '8/2 นวลแมนชั่น', 'ขุนทะเล', 'เมืองสุราษฎร์ธานี', 'สุราษฎร์ธานี', '84100', 'ประกอบอาชีพในบริษัท/องค์กร', '6004305001009', '$2y$10$m/nIGd3Scz9d0DFOL5BPTOD5xyMexRPBpWdAU3pLc.9gxaqFGhezO', 'ศิษย์เก่า', '2022-06-08 20:26:35'),
(10067, 'ศาสตรา', 'บัญชีทดสอบ', 'ชาย', '1999-01-01', '0822000220', '', '8/2 นวลแมนชั่น', 'ขุนทะเล', 'เมืองสุราษฎร์ธานี', 'สุราษฎร์ธานี', '84100', 'ประกอบอาชีพในบริษัท/องค์กร', '6004305001010', '$2y$10$Q/8ET2RaHFTNJk7QQfjRn.HBVIn3gGjpqc1emCG40KKhlomKVCxuG', 'ศิษย์เก่า', '2022-06-08 20:26:50'),
(10068, 'บริบท', 'บัญชีทดสอบ', 'ชาย', '1999-01-01', '0822000220', '', '8/2 นวลแมนชั่น', 'ขุนทะเล', 'เมืองสุราษฎร์ธานี', 'สุราษฎร์ธานี', '84100', 'ศึกษาต่อ', '6004305001011', '$2y$10$2MZ2tqDdAXeT8cYGaGVYGeWO5z6O8H30qg4lsAJ64sV9qQ/SdhyZm', 'ศิษย์เก่า', '2022-06-08 20:27:10'),
(10069, 'วรา', 'บัญชีทดสอบ', 'ชาย', '1999-01-01', '0822000220', '', '8/2 นวลแมนชั่น', 'ขุนทะเล', 'เมืองสุราษฎร์ธานี', 'สุราษฎร์ธานี', '84100', 'ศึกษาต่อ', '6004305001012', '$2y$10$.uv7Cqn7WTHySzR7j.Ti7.KL3JFxTkqt4Uw5JTIt2ZhMhy48GC4lK', 'ศิษย์เก่า', '2022-06-08 20:27:25'),
(10070, 'จุฑามาศ', 'บัญชีทดสอบ', 'หญิง', '1999-01-01', '0822000220', '', '8/2 นวลแมนชั่น', 'ขุนทะเล', 'เมืองสุราษฎร์ธานี', 'สุราษฎร์ธานี', '84100', 'ศึกษาต่อ', '6004305001013', '$2y$10$AmLP6sz0rcmJ85AqX7gAS.dRSq2qhS0ugbBJvB4tc/3kAAO61qIue', 'ศิษย์เก่า', '2022-06-08 20:27:41'),
(10071, 'เกียรตินาคิน', 'บัญชีทดสอบ', 'ชาย', '1999-01-17', '0822000220', '', '8/2 สมรเกสต์เฮาส์', 'ตะแพน', 'ศรีบรรพต', 'พัทลุง', '93190', 'ว่างงาน', '6104305001001', '$2y$10$QFruOY8pV91h6sSlnde.Aexvmh2hDCBjr/ryHnHhzVSsoCpAB9Ek6', 'ศิษย์เก่า', '2022-06-08 20:29:08'),
(10072, 'ออมสิน', 'บัญชีทดสอบ', 'ชาย', '1999-01-17', '0822000220', '', '8/2 สมรเกสต์เฮาส์', 'ตะแพน', 'ศรีบรรพต', 'พัทลุง', '93190', 'ว่างงาน', '6104305001002', '$2y$10$gSL4lMlKRqnFDbtezZn2G./VDh/lKxOBH4z6GsZBnR2OcFW6sWprm', 'ศิษย์เก่า', '2022-06-08 20:29:26'),
(10073, 'ธารารัตน์', 'บัญชีทดสอบ', 'ชาย', '1999-01-17', '0822000220', '', '8/2 สมรเกสต์เฮาส์', 'ตะแพน', 'ศรีบรรพต', 'พัทลุง', '93190', 'ว่างงาน', '6104305001003', '$2y$10$m7wAL7D8NpmULPEGtRXOQ.aef9/jYMnOXygXXI6SseE.G2w.smI0K', 'ศิษย์เก่า', '2022-06-08 20:29:52'),
(10074, 'กิติธารา', 'บัญชีทดสอบ', 'หญิง', '1999-01-17', '0822000220', '', '8/2 สมรเกสต์เฮาส์', 'ตะแพน', 'ศรีบรรพต', 'พัทลุง', '93190', 'ว่างงาน', '6104305001004', '$2y$10$a4qGJwreL7ovQ6PbN2U83eoVzyQvhLdMBqL4FNZSKe5fgU89Kej1C', 'ศิษย์เก่า', '2022-06-08 20:30:07'),
(10075, 'กิติวิทย์', 'บัญชีทดสอบ', 'หญิง', '1999-01-17', '0822000220', '', '8/2 สมรเกสต์เฮาส์', 'ตะแพน', 'ศรีบรรพต', 'พัทลุง', '93190', 'ศึกษาต่อ', '6104305001005', '$2y$10$TJG/v5oGV3JhSZG2H.71DOfMN57IdOBvDs2pNc4rTtbnezsdSn.Ei', 'ศิษย์เก่า', '2022-06-08 20:30:25'),
(10076, 'ประยุทธ์', 'บัญชีทดสอบ', 'ชาย', '1999-01-17', '0822000220', '', '8/2 สมรเกสต์เฮาส์', 'ตะแพน', 'ศรีบรรพต', 'พัทลุง', '93190', 'ประกอบอาชีพส่วนตัว', '6104305001006', '$2y$10$/31ssEmZWQ52zOt4jzVGv.BodK5rQdbVKi8rDCSriuTNJNLciaCce', 'ศิษย์เก่า', '2022-06-08 20:30:59'),
(10077, 'นุชรี', 'บัญชีทดสอบ', 'หญิง', '1999-01-17', '0822000220', '', '8/2 สมรเกสต์เฮาส์', 'ตะแพน', 'ศรีบรรพต', 'พัทลุง', '93190', 'ประกอบอาชีพส่วนตัว', '6104305001007', '$2y$10$hnSXWTYaaOEK4yDITNbfjeZNQH58hj2S/Nbt7448whsan6N97pNu.', 'ศิษย์เก่า', '2022-06-08 20:31:33'),
(10078, 'โพธิ์ทอง', 'บัญชีทดสอบ', 'หญิง', '1999-01-17', '0822000220', '', '8/2 สมรเกสต์เฮาส์', 'ตะแพน', 'ศรีบรรพต', 'พัทลุง', '93190', 'ประกอบอาชีพส่วนตัว', '6104305001008', '$2y$10$5iszGNqmyy56Vcf.UzPAgu/ozvAyLE3nu7IqTC61e1Xb9TInc2e/K', 'ศิษย์เก่า', '2022-06-08 20:32:02'),
(10079, 'ณัฐวุทธ', 'บัญชีทดสอบ', 'ชาย', '1999-01-17', '0822000220', '', '8/2 สมรเกสต์เฮาส์', 'ตะแพน', 'ศรีบรรพต', 'พัทลุง', '93190', 'ประกอบอาชีพส่วนตัว', '6104305001009', '$2y$10$18dnM1diL532d20uTCxxe.XC2M4M3nwBlbqV/B9CVfYLdwTGOBnNS', 'ศิษย์เก่า', '2022-06-08 20:32:30'),
(10080, 'ศิริศักดิ์', 'บัญชีทดสอบ', 'ชาย', '1999-01-17', '0822000220', '', '8/2 สมรเกสต์เฮาส์', 'ตะแพน', 'ศรีบรรพต', 'พัทลุง', '93190', 'ประกอบอาชีพส่วนตัว', '6104305001010', '$2y$10$90uYSxAYL9JYPkBt4BuPkOsb.9yfdviV4TP4DYreg6xGZHhidtUCm', 'ศิษย์เก่า', '2022-06-08 20:32:46'),
(10081, 'ปิ่นอักษร', 'บัญชีทดสอบ', 'หญิง', '1999-01-17', '0822000220', '', '8/2 สมรเกสต์เฮาส์', 'ตะแพน', 'ศรีบรรพต', 'พัทลุง', '93190', 'ประกอบอาชีพส่วนตัว', '6104305001011', '$2y$10$gHFEE8pUW4dsc/ACCNiMR.9swf0FYDJbzXlE8mt7piXxeM2GgCtvu', 'ศิษย์เก่า', '2022-06-08 20:33:02'),
(10082, 'เกตุเกล้า', 'บัญชีทดสอบ', 'ชาย', '1999-01-17', '0822000220', '', '8/2 สมรเกสต์เฮาส์', 'ตะแพน', 'ศรีบรรพต', 'พัทลุง', '93190', 'ประกอบอาชีพส่วนตัว', '6104305001012', '$2y$10$TsvWEpObByFqaxpdHYaaYOeyuS9el.RfHBqNm3qPSfNPFuUwOgIba', 'ศิษย์เก่า', '2022-06-08 20:33:59'),
(10083, 'วันเฉลิม', 'บัญชีทดสอบ', 'ชาย', '1999-01-17', '0822000220', '', '8/2 สมรเกสต์เฮาส์', 'ตะแพน', 'ศรีบรรพต', 'พัทลุง', '93190', 'ประกอบอาชีพส่วนตัว', '6104305001013', '$2y$10$aTZEEDiju7rypyUEX/fu.ODJIsZ3elDGiZPFogQjXvOFS4dy/ro6q', 'ศิษย์เก่า', '2022-06-08 20:34:14'),
(10084, 'ขาวสมุทร', 'บัญชีทดสอบ', 'ชาย', '1999-01-17', '0822000220', '', '8/2 สมรเกสต์เฮาส์', 'ตะแพน', 'ศรีบรรพต', 'พัทลุง', '93190', 'ประกอบอาชีพส่วนตัว', '6104305001014', '$2y$10$LxEeSgO100/0p5aTlM8VD.lScuQH.jtzAesBGX8SPDHtrPSj.uHPG', 'ศิษย์เก่า', '2022-06-08 20:34:31'),
(10085, 'ลัทธวุฒิ', 'บัญชีทดสอบ', 'ชาย', '1999-01-17', '0822000220', '', '8/2 สมรเกสต์เฮาส์', 'ตะแพน', 'ศรีบรรพต', 'พัทลุง', '93190', 'ประกอบอาชีพส่วนตัว', '6104305001015', '$2y$10$qaL7HTYK3.CBTSAq/R8rferLBuRaL/JPQ/zxKk6OBzqQUTIrll5xC', 'ศิษย์เก่า', '2022-06-08 20:35:03'),
(10086, 'นนทวัฒน์', 'บัญชีทดสอบ', 'ชาย', '1999-01-17', '0822000220', '', '8/2 สมรเกสต์เฮาส์', 'ตะแพน', 'ศรีบรรพต', 'พัทลุง', '93190', 'ประกอบอาชีพส่วนตัว', '6104305001016', '$2y$10$zD37OS1EL8BkZJ9NQVIKxeeCfcRGpEdEE0Rflnbne/AxjoGkotD1W', 'ศิษย์เก่า', '2022-06-08 20:35:20'),
(10087, 'ศรีปทุม', 'บัญชีทดสอบ', 'หญิง', '1999-01-17', '0822000220', '', '8/2 สมรเกสต์เฮาส์', 'ตะแพน', 'ศรีบรรพต', 'พัทลุง', '93190', 'ประกอบอาชีพส่วนตัว', '6104305001018', '$2y$10$lTP1krlNWzc9AxX/rpJ69et25Qvw60c7JWpgTbGLyYp56QgQAfvRy', 'ศิษย์เก่า', '2022-06-08 20:35:33'),
(10088, 'นราธรร์', 'บัญชีทดสอบ', 'หญิง', '1999-01-17', '0822000220', '', '8/2 สมรเกสต์เฮาส์', 'ตะแพน', 'ศรีบรรพต', 'พัทลุง', '93190', 'ประกอบอาชีพส่วนตัว', '6104305001019', '$2y$10$Jj85pTkJ7j3blSanQu2YpO5sXpowl/oYYtHxL0tUSvro71rXqyfIa', 'ศิษย์เก่า', '2022-06-08 20:35:58');

--
-- Indexes for dumped tables
--

--
-- Indexes for table `tbl_brance`
--
ALTER TABLE `tbl_brance`
  ADD PRIMARY KEY (`brID`),
  ADD KEY `faID` (`faID`);

--
-- Indexes for table `tbl_educational`
--
ALTER TABLE `tbl_educational`
  ADD PRIMARY KEY (`eduID`),
  ADD KEY `uID` (`uID`),
  ADD KEY `brID` (`brID`);

--
-- Indexes for table `tbl_faculty`
--
ALTER TABLE `tbl_faculty`
  ADD PRIMARY KEY (`faID`);

--
-- Indexes for table `tbl_job`
--
ALTER TABLE `tbl_job`
  ADD PRIMARY KEY (`jobID`),
  ADD KEY `uID` (`uID`);

--
-- Indexes for table `tbl_user`
--
ALTER TABLE `tbl_user`
  ADD PRIMARY KEY (`uID`);

--
-- AUTO_INCREMENT for dumped tables
--

--
-- AUTO_INCREMENT for table `tbl_brance`
--
ALTER TABLE `tbl_brance`
  MODIFY `brID` mediumint(5) NOT NULL AUTO_INCREMENT COMMENT 'รหัสสาขา', AUTO_INCREMENT=10061;

--
-- AUTO_INCREMENT for table `tbl_educational`
--
ALTER TABLE `tbl_educational`
  MODIFY `eduID` mediumint(10) NOT NULL AUTO_INCREMENT COMMENT 'รหัสบันทึกการศึกษา', AUTO_INCREMENT=75;

--
-- AUTO_INCREMENT for table `tbl_faculty`
--
ALTER TABLE `tbl_faculty`
  MODIFY `faID` mediumint(5) NOT NULL AUTO_INCREMENT COMMENT 'รหัสคณะ', AUTO_INCREMENT=10008;

--
-- AUTO_INCREMENT for table `tbl_job`
--
ALTER TABLE `tbl_job`
  MODIFY `jobID` mediumint(10) NOT NULL AUTO_INCREMENT COMMENT 'รหัสบันทึกการทำงาน', AUTO_INCREMENT=73;

--
-- AUTO_INCREMENT for table `tbl_user`
--
ALTER TABLE `tbl_user`
  MODIFY `uID` mediumint(10) NOT NULL AUTO_INCREMENT COMMENT 'รหัสผู้ใช้', AUTO_INCREMENT=10089;

--
-- Constraints for dumped tables
--

--
-- Constraints for table `tbl_brance`
--
ALTER TABLE `tbl_brance`
  ADD CONSTRAINT `tbl_brance_ibfk_1` FOREIGN KEY (`faID`) REFERENCES `tbl_faculty` (`faID`) ON DELETE CASCADE ON UPDATE CASCADE;

--
-- Constraints for table `tbl_educational`
--
ALTER TABLE `tbl_educational`
  ADD CONSTRAINT `tbl_educational_ibfk_1` FOREIGN KEY (`uID`) REFERENCES `tbl_user` (`uID`) ON DELETE CASCADE ON UPDATE CASCADE,
  ADD CONSTRAINT `tbl_educational_ibfk_2` FOREIGN KEY (`brID`) REFERENCES `tbl_brance` (`brID`) ON DELETE CASCADE ON UPDATE CASCADE;

--
-- Constraints for table `tbl_job`
--
ALTER TABLE `tbl_job`
  ADD CONSTRAINT `tbl_job_ibfk_1` FOREIGN KEY (`uID`) REFERENCES `tbl_user` (`uID`) ON DELETE CASCADE ON UPDATE CASCADE;
COMMIT;

/*!40101 SET CHARACTER_SET_CLIENT=@OLD_CHARACTER_SET_CLIENT */;
/*!40101 SET CHARACTER_SET_RESULTS=@OLD_CHARACTER_SET_RESULTS */;
/*!40101 SET COLLATION_CONNECTION=@OLD_COLLATION_CONNECTION */;
